patient_id,image,label,Resultado_anemia,HB,HB_Nivel,Edad_meses,Sexo,source,mask
IMG0002,IMG0002.png,1,Anemia,9.9,9.9,24,Male,anemia_dataset,
IMG0003,IMG0003.png,0,No anemia,11.1,11.1,24,Female,anemia_dataset,
IMG0005,IMG0005.png,1,Anemia,9.9,9.9,24,Male,anemia_dataset,
IMG0006,IMG0006.png,0,No anemia,12.5,12.5,24,Male,anemia_dataset,
IMG0009,IMG0009.png,1,Anemia,9.9,9.9,36,Female,anemia_dataset,
IMG0010,IMG0010.png,1,Anemia,9.9,9.9,36,Female,anemia_dataset,
IMG0011,IMG0011.png,0,No anemia,12.4,12.4,60,Male,anemia_dataset,
IMG0013,IMG0013.png,1,Anemia,9.9,9.9,24,Male,anemia_dataset,
IMG0014,IMG0014.png,0,No anemia,12.4,12.4,48,Male,anemia_dataset,
IMG0015,IMG0015.png,1,Anemia,9.9,9.9,60,Male,anemia_dataset,
IMG0016,IMG0016.png,1,Anemia,9.9,9.9,24,Female,anemia_dataset,
IMG0017,IMG0017.png,1,Anemia,9.9,9.9,24,Female,anemia_dataset,
IMG0018,IMG0018.png,0,No anemia,10.93,10.93,48,Male,anemia_dataset,
IMG0019,IMG0019.png,0,No anemia,10.9,10.9,48,Male,anemia_dataset,
IMG0021,IMG0021.png,0,No anemia,10.9,10.9,36,Female,anemia_dataset,
IMG0023,IMG0023.png,0,No anemia,12.9,12.9,60,Female,anemia_dataset,
IMG0024,IMG0024.png,0,No anemia,12.9,12.9,60,Female,anemia_dataset,
IMG0025,IMG0025.png,1,Anemia,10.2,10.2,24,Male,anemia_dataset,
IMG0027,IMG0027.png,0,No anemia,12.9,12.9,48,Male,anemia_dataset,
IMG0029,IMG0029.png,1,Anemia,10.2,10.2,12,Male,anemia_dataset,
IMG0030,IMG0030.png,1,Anemia,7.9,7.9,60,Male,anemia_dataset,
IMG0032,IMG0032.png,1,Anemia,8.1,8.1,12,Female,anemia_dataset,
IMG0034,IMG0034.png,1,Anemia,8.2,8.2,12,Male,anemia_dataset,
IMG0035,IMG0035.png,1,Anemia,8.2,8.2,12,Male,anemia_dataset,
IMG0036,IMG0036.png,1,Anemia,8.2,8.2,60,Male,anemia_dataset,
IMG0037,IMG0037.png,1,Anemia,8.2,8.2,48,Male,anemia_dataset,
IMG0038,IMG0038.png,1,Anemia,8.2,8.2,12,Female,anemia_dataset,
IMG0039,IMG0039.png,1,Anemia,8.2,8.2,36,Male,anemia_dataset,
IMG0040,IMG0040.png,1,Anemia,8.3,8.3,12,Female,anemia_dataset,
IMG0041,IMG0041.png,1,Anemia,8.3,8.3,12,Male,anemia_dataset,
IMG0042,IMG0042.png,1,Anemia,8.3,8.3,24,Female,anemia_dataset,
IMG0043,IMG0043.png,1,Anemia,8.3,8.3,12,Male,anemia_dataset,
IMG0044,IMG0044.png,1,Anemia,8.3,8.3,24,Male,anemia_dataset,
IMG0046,IMG0046.png,1,Anemia,8.3,8.3,12,Male,anemia_dataset,
IMG0048,IMG0048.png,1,Anemia,8.3,8.3,12,Male,anemia_dataset,
IMG0050,IMG0050.png,1,Anemia,8.4,8.4,24,Female,anemia_dataset,
IMG0051,IMG0051.png,1,Anemia,8.5,8.5,48,Female,anemia_dataset,
IMG0052,IMG0052.png,1,Anemia,8.5,8.5,24,Male,anemia_dataset,
IMG0053,IMG0053.png,1,Anemia,8.5,8.5,12,Male,anemia_dataset,
IMG0054,IMG0054.png,1,Anemia,8.5,8.5,12,Male,anemia_dataset,
IMG0055,IMG0055.png,1,Anemia,8.5,8.5,24,Female,anemia_dataset,
IMG0056,IMG0056.png,1,Anemia,8.6,8.6,24,Male,anemia_dataset,
IMG0057,IMG0057.png,1,Anemia,8.6,8.6,24,Male,anemia_dataset,
IMG0059,IMG0059.png,0,No anemia,11.9,11.9,12,Male,anemia_dataset,
IMG0062,IMG0062.png,0,No anemia,12.4,12.4,24,Male,anemia_dataset,
IMG0063,IMG0063.png,0,No anemia,12.4,12.4,60,Female,anemia_dataset,
IMG0064,IMG0064.png,0,No anemia,12.7,12.7,12,Male,anemia_dataset,
IMG0065,IMG0065.png,0,No anemia,12.7,12.7,12,Male,anemia_dataset,
IMG0067,IMG0067.png,0,No anemia,12.4,12.4,12,Male,anemia_dataset,
IMG0069,IMG0069.png,1,Anemia,8.0,8.0,24,Male,anemia_dataset,
IMG0075,IMG0075.png,0,No anemia,11.1,11.1,60,Female,anemia_dataset,
IMG0076,IMG0076.png,1,Anemia,9.7,9.7,24,Female,anemia_dataset,
IMG0077,IMG0077.png,1,Anemia,9.7,9.7,48,Female,anemia_dataset,
IMG0078,IMG0078.png,1,Anemia,9.7,9.7,12,Female,anemia_dataset,
IMG0079,IMG0079.png,1,Anemia,9.7,9.7,24,Male,anemia_dataset,
IMG0080,IMG0080.png,1,Anemia,10.1,10.1,36,Male,anemia_dataset,
IMG0083,IMG0083.png,1,Anemia,10.1,10.1,36,Male,anemia_dataset,
IMG0084,IMG0084.png,1,Anemia,10.3,10.3,48,Female,anemia_dataset,
IMG0085,IMG0085.png,1,Anemia,10.1,10.1,12,Female,anemia_dataset,
IMG0086,IMG0086.png,0,No anemia,10.9,10.9,24,Female,anemia_dataset,
IMG0087,IMG0087.png,0,No anemia,10.7,10.7,60,Male,anemia_dataset,
IMG0089,IMG0089.png,0,No anemia,10.7,10.7,24,Male,anemia_dataset,
IMG0091,IMG0091.png,0,No anemia,10.7,10.7,24,Female,anemia_dataset,
IMG0092,IMG0092.png,0,No anemia,10.7,10.7,60,Male,anemia_dataset,
IMG0093,IMG0093.png,1,Anemia,10.2,10.2,36,Male,anemia_dataset,
IMG0098,IMG0098.png,0,No anemia,12.9,12.9,12,Male,anemia_dataset,
IMG0099,IMG0099.png,1,Anemia,10.2,10.2,24,Male,anemia_dataset,
IMG0101,IMG0101.png,1,Anemia,10.2,10.2,24,Male,anemia_dataset,
IMG0102,IMG0102.png,1,Anemia,10.2,10.2,12,Male,anemia_dataset,
IMG0103,IMG0103.png,0,No anemia,12.9,12.9,60,Male,anemia_dataset,
IMG0106,IMG0106.png,0,No anemia,12.9,12.9,60,Male,anemia_dataset,
IMG0107,IMG0107.png,0,No anemia,12.9,12.9,36,Female,anemia_dataset,
IMG0108,IMG0108.png,0,No anemia,12.9,12.9,36,Female,anemia_dataset,
IMG0110,IMG0110.png,1,Anemia,10.3,10.3,12,Male,anemia_dataset,
IMG0111,IMG0111.png,1,Anemia,10.3,10.3,36,Female,anemia_dataset,
IMG0112,IMG0112.png,1,Anemia,10.3,10.3,24,Female,anemia_dataset,
IMG0114,IMG0114.png,0,No anemia,12.9,12.9,24,Male,anemia_dataset,
IMG0116,IMG0116.png,1,Anemia,7.0,7.0,12,Male,anemia_dataset,
IMG0117,IMG0117.png,0,No anemia,12.4,12.4,48,Female,anemia_dataset,
IMG0119,IMG0119.png,1,Anemia,9.6,9.6,24,Male,anemia_dataset,
IMG0120,IMG0120.png,1,Anemia,7.3,7.3,12,Male,anemia_dataset,
IMG0121,IMG0121.png,1,Anemia,9.6,9.6,36,Male,anemia_dataset,
IMG0122,IMG0122.png,1,Anemia,9.6,9.6,12,Female,anemia_dataset,
IMG0123,IMG0123.png,1,Anemia,8.1,8.1,24,Male,anemia_dataset,
IMG0125,IMG0125.png,1,Anemia,8.4,8.4,12,Female,anemia_dataset,
IMG0126,IMG0126.png,1,Anemia,8.5,8.5,12,Male,anemia_dataset,
IMG0127,IMG0127.png,1,Anemia,8.9,8.9,36,Male,anemia_dataset,
IMG0130,IMG0130.png,0,No anemia,12.0,12.0,48,Female,anemia_dataset,
IMG0131,IMG0131.png,0,No anemia,12.0,12.0,48,Male,anemia_dataset,
IMG0133,IMG0133.png,0,No anemia,12.0,12.0,12,Female,anemia_dataset,
IMG0134,IMG0134.png,0,No anemia,12.0,12.0,12,Male,anemia_dataset,
IMG0135,IMG0135.png,0,No anemia,12.5,12.5,36,Female,anemia_dataset,
IMG0137,IMG0137.png,0,No anemia,12.0,12.0,24,Female,anemia_dataset,
IMG0138,IMG0138.png,1,Anemia,8.9,8.9,48,Male,anemia_dataset,
IMG0139,IMG0139.png,1,Anemia,9.9,9.9,36,Female,anemia_dataset,
IMG0140,IMG0140.png,1,Anemia,8.9,8.9,24,Female,anemia_dataset,
IMG0141,IMG0141.png,1,Anemia,8.95,8.95,24,Male,anemia_dataset,
IMG0144,IMG0144.png,1,Anemia,9.0,9.0,12,Male,anemia_dataset,
IMG0145,IMG0145.png,0,No anemia,12.5,12.5,60,Male,anemia_dataset,
IMG0146,IMG0146.png,1,Anemia,9.9,9.9,12,Male,anemia_dataset,
IMG0148,IMG0148.png,1,Anemia,9.7,9.7,48,Female,anemia_dataset,
IMG0149,IMG0149.png,1,Anemia,9.9,9.9,12,Male,anemia_dataset,
IMG0150,IMG0150.png,1,Anemia,9.98,9.98,48,Female,anemia_dataset,
IMG0151,IMG0151.png,0,No anemia,12.7,12.7,24,Female,anemia_dataset,
IMG0152,IMG0152.png,1,Anemia,10.0,10.0,60,Female,anemia_dataset,
IMG0153,IMG0153.png,1,Anemia,10.1,10.1,36,Male,anemia_dataset,
IMG0154,IMG0154.png,1,Anemia,10.0,10.0,12,Male,anemia_dataset,
IMG0155,IMG0155.png,1,Anemia,10.1,10.1,60,Male,anemia_dataset,
IMG0156,IMG0156.png,0,No anemia,12.6,12.6,24,Male,anemia_dataset,
IMG0158,IMG0158.png,1,Anemia,10.0,10.0,24,Male,anemia_dataset,
IMG0159,IMG0159.png,1,Anemia,10.1,10.1,12,Female,anemia_dataset,
IMG0161,IMG0161.png,1,Anemia,10.2,10.2,12,Male,anemia_dataset,
IMG0163,IMG0163.png,1,Anemia,10.2,10.2,12,Female,anemia_dataset,
IMG0165,IMG0165.png,0,No anemia,12.8,12.8,24,Male,anemia_dataset,
IMG0169,IMG0169.png,0,No anemia,11.1,11.1,12,Female,anemia_dataset,
IMG0171,IMG0171.png,1,Anemia,7.1,7.1,36,Male,anemia_dataset,
IMG0172,IMG0172.png,1,Anemia,7.2,7.2,48,Male,anemia_dataset,
IMG0173,IMG0173.png,0,No anemia,11.4,11.4,12,Male,anemia_dataset,
IMG0174,IMG0174.png,0,No anemia,11.46,11.46,48,Male,anemia_dataset,
IMG0175,IMG0175.png,0,No anemia,11.05,11.05,48,Female,anemia_dataset,
IMG0177,IMG0177.png,1,Anemia,10.4,10.4,48,Male,anemia_dataset,
IMG0178,IMG0178.png,0,No anemia,11.1,11.1,60,Female,anemia_dataset,
IMG0179,IMG0179.png,1,Anemia,3.4,3.4,24,Male,anemia_dataset,
IMG0180,IMG0180.png,1,Anemia,10.4,10.4,24,Female,anemia_dataset,
IMG0181,IMG0181.png,1,Anemia,4.0,4.0,12,Male,anemia_dataset,
IMG0182,IMG0182.png,1,Anemia,10.4,10.4,36,Male,anemia_dataset,
IMG0184,IMG0184.png,0,No anemia,13.1,13.1,36,Male,anemia_dataset,
IMG0185,IMG0185.png,0,No anemia,13.1,13.1,11,Male,anemia_dataset,
IMG0186,IMG0186.png,1,Anemia,4.6,4.6,36,Female,anemia_dataset,
IMG0187,IMG0187.png,1,Anemia,10.4,10.4,12,Female,anemia_dataset,
IMG0188,IMG0188.png,0,No anemia,11.1,11.1,7,Female,anemia_dataset,
IMG0189,IMG0189.png,0,No anemia,13.2,13.2,12,Female,anemia_dataset,
IMG0190,IMG0190.png,1,Anemia,4.8,4.8,24,Male,anemia_dataset,
IMG0191,IMG0191.png,0,No anemia,13.2,13.2,60,Female,anemia_dataset,
IMG0192,IMG0192.png,0,No anemia,13.2,13.2,36,Male,anemia_dataset,
IMG0193,IMG0193.png,1,Anemia,10.4,10.4,48,Female,anemia_dataset,
IMG0194,IMG0194.png,0,No anemia,10.74,10.74,48,Female,anemia_dataset,
IMG0196,IMG0196.png,0,No anemia,10.8,10.8,12,Male,anemia_dataset,
IMG0198,IMG0198.png,1,Anemia,10.4,10.4,48,Male,anemia_dataset,
IMG0199,IMG0199.png,1,Anemia,10.4,10.4,24,Male,anemia_dataset,
IMG0200,IMG0200.png,0,No anemia,10.8,10.8,12,Female,anemia_dataset,
IMG0201,IMG0201.png,1,Anemia,10.4,10.4,48,Male,anemia_dataset,
IMG0202,IMG0202.png,0,No anemia,10.9,10.9,48,Male,anemia_dataset,
IMG0203,IMG0203.png,0,No anemia,10.8,10.8,12,Male,anemia_dataset,
IMG0205,IMG0205.png,0,No anemia,13.2,13.2,12,Male,anemia_dataset,
IMG0207,IMG0207.png,0,No anemia,13.2,13.2,24,Female,anemia_dataset,
IMG0208,IMG0208.png,0,No anemia,13.2,13.2,24,Male,anemia_dataset,
IMG0209,IMG0209.png,0,No anemia,10.9,10.9,36,Female,anemia_dataset,
IMG0210,IMG0210.png,0,No anemia,11.0,11.0,36,Female,anemia_dataset,
IMG0211,IMG0211.png,0,No anemia,13.2,13.2,60,Male,anemia_dataset,
IMG0212,IMG0212.png,0,No anemia,11.0,11.0,60,Male,anemia_dataset,
IMG0213,IMG0213.png,0,No anemia,13.2,13.2,12,Female,anemia_dataset,
IMG0214,IMG0214.png,1,Anemia,10.4,10.4,60,Female,anemia_dataset,
IMG0216,IMG0216.png,1,Anemia,10.4,10.4,60,Male,anemia_dataset,
IMG0219,IMG0219.png,1,Anemia,10.4,10.4,12,Male,anemia_dataset,
IMG0222,IMG0222.png,0,No anemia,13.2,13.2,36,Female,anemia_dataset,
IMG0223,IMG0223.png,0,No anemia,10.5,10.5,48,Female,anemia_dataset,
IMG0227,IMG0227.png,1,Anemia,4.2,4.2,12,Male,anemia_dataset,
IMG0228,IMG0228.png,1,Anemia,6.1,6.1,36,Female,anemia_dataset,
IMG0230,IMG0230.png,1,Anemia,4.4,4.4,24,Male,anemia_dataset,
IMG0232,IMG0232.png,1,Anemia,6.9,6.9,24,Male,anemia_dataset,
IMG0233,IMG0233.png,1,Anemia,7.0,7.0,36,Female,anemia_dataset,
IMG0237,IMG0237.png,1,Anemia,8.0,8.0,12,Female,anemia_dataset,
IMG0238,IMG0238.png,1,Anemia,5.4,5.4,24,Male,anemia_dataset,
IMG0240,IMG0240.png,1,Anemia,5.5,5.5,24,Female,anemia_dataset,
IMG0241,IMG0241.png,1,Anemia,8.4,8.4,24,Female,anemia_dataset,
IMG0242,IMG0242.png,1,Anemia,5.9,5.9,12,Male,anemia_dataset,
IMG0243,IMG0243.png,1,Anemia,8.4,8.4,48,Male,anemia_dataset,
IMG0245,IMG0245.png,1,Anemia,8.6,8.6,36,Female,anemia_dataset,
IMG0248,IMG0248.png,0,No anemia,11.3,11.3,24,Female,anemia_dataset,
IMG0250,IMG0250.png,1,Anemia,6.7,6.7,12,Male,anemia_dataset,
IMG0252,IMG0252.png,1,Anemia,9.1,9.1,24,Male,anemia_dataset,
IMG0255,IMG0255.png,1,Anemia,9.1,9.1,48,Female,anemia_dataset,
IMG0256,IMG0256.png,1,Anemia,6.9,6.9,24,Female,anemia_dataset,
IMG0257,IMG0257.png,1,Anemia,7.0,7.0,48,Female,anemia_dataset,
IMG0259,IMG0259.png,1,Anemia,10.1,10.1,36,Female,anemia_dataset,
IMG0260,IMG0260.png,1,Anemia,7.0,7.0,12,Male,anemia_dataset,
IMG0261,IMG0261.png,1,Anemia,10.1,10.1,24,Female,anemia_dataset,
IMG0262,IMG0262.png,0,No anemia,10.5,10.5,48,Female,anemia_dataset,
IMG0263,IMG0263.png,0,No anemia,11.3,11.3,36,Female,anemia_dataset,
IMG0264,IMG0264.png,1,Anemia,7.0,7.0,12,Male,anemia_dataset,
IMG0265,IMG0265.png,0,No anemia,10.5,10.5,60,Female,anemia_dataset,
IMG0266,IMG0266.png,1,Anemia,7.0,7.0,24,Male,anemia_dataset,
IMG0267,IMG0267.png,0,No anemia,10.52,10.52,48,Male,anemia_dataset,
IMG0268,IMG0268.png,1,Anemia,7.0,7.0,36,Female,anemia_dataset,
IMG0269,IMG0269.png,1,Anemia,7.1,7.1,36,Male,anemia_dataset,
IMG0273,IMG0273.png,0,No anemia,12.1,12.1,36,Female,anemia_dataset,
IMG0276,IMG0276.png,0,No anemia,12.02,12.02,48,Female,anemia_dataset,
IMG0278,IMG0278.png,1,Anemia,7.1,7.1,60,Male,anemia_dataset,
IMG0279,IMG0279.png,1,Anemia,7.2,7.2,60,Male,anemia_dataset,
IMG0280,IMG0280.png,0,No anemia,11.0,11.0,24,Female,anemia_dataset,
IMG0281,IMG0281.png,0,No anemia,11.1,11.1,36,Female,anemia_dataset,
IMG0283,IMG0283.png,0,No anemia,11.1,11.1,12,Male,anemia_dataset,
IMG0284,IMG0284.png,1,Anemia,3.1,3.1,36,Male,anemia_dataset,
IMG0287,IMG0287.png,1,Anemia,5.3,5.3,36,Male,anemia_dataset,
IMG0288,IMG0288.png,0,No anemia,11.0,11.0,48,Male,anemia_dataset,
IMG0289,IMG0289.png,1,Anemia,3.3,3.3,24,Male,anemia_dataset,
IMG0290,IMG0290.png,1,Anemia,5.7,5.7,36,Female,anemia_dataset,
IMG0291,IMG0291.png,1,Anemia,5.8,5.8,36,Male,anemia_dataset,
IMG0292,IMG0292.png,0,No anemia,11.0,11.0,48,Female,anemia_dataset,
IMG0293,IMG0293.png,1,Anemia,3.1,3.1,36,Male,anemia_dataset,
IMG0294,IMG0294.png,1,Anemia,5.9,5.9,12,Male,anemia_dataset,
IMG0295,IMG0295.png,1,Anemia,6.8,6.8,60,Male,anemia_dataset,
IMG0296,IMG0296.png,1,Anemia,7.1,7.1,36,Male,anemia_dataset,
IMG0298,IMG0298.png,0,No anemia,11.4,11.4,12,Male,anemia_dataset,
IMG0299,IMG0299.png,0,No anemia,11.8,11.8,12,Male,anemia_dataset,
IMG0300,IMG0300.png,1,Anemia,8.0,8.0,24,Male,anemia_dataset,
IMG0302,IMG0302.png,0,No anemia,11.8,11.8,36,Male,anemia_dataset,
IMG0303,IMG0303.png,0,No anemia,11.8,11.8,12,Male,anemia_dataset,
IMG0304,IMG0304.png,1,Anemia,8.0,8.0,12,Male,anemia_dataset,
IMG0305,IMG0305.png,0,No anemia,11.9,11.9,12,Male,anemia_dataset,
IMG0307,IMG0307.png,0,No anemia,11.9,11.9,12,Female,anemia_dataset,
IMG0308,IMG0308.png,1,Anemia,8.0,8.0,24,Female,anemia_dataset,
IMG0309,IMG0309.png,1,Anemia,8.1,8.1,24,Female,anemia_dataset,
IMG0310,IMG0310.png,1,Anemia,8.06,8.06,12,Male,anemia_dataset,
IMG0311,IMG0311.png,0,No anemia,11.9,11.9,36,Male,anemia_dataset,
IMG0312,IMG0312.png,0,No anemia,11.9,11.9,60,Male,anemia_dataset,
IMG0313,IMG0313.png,0,No anemia,11.9,11.9,48,Female,anemia_dataset,
IMG0314,IMG0314.png,1,Anemia,9.9,9.9,12,Female,anemia_dataset,
IMG0316,IMG0316.png,1,Anemia,6.1,6.1,24,Female,anemia_dataset,
IMG0317,IMG0317.png,0,No anemia,11.16,11.16,12,Female,anemia_dataset,
IMG0318,IMG0318.png,1,Anemia,6.8,6.8,12,Female,anemia_dataset,
IMG0319,IMG0319.png,0,No anemia,11.2,11.2,12,Male,anemia_dataset,
IMG0321,IMG0321.png,0,No anemia,11.2,11.2,24,Female,anemia_dataset,
IMG0322,IMG0322.png,1,Anemia,8.7,8.7,60,Female,anemia_dataset,
IMG0325,IMG0325.png,0,No anemia,11.3,11.3,24,Male,anemia_dataset,
IMG0326,IMG0326.png,1,Anemia,8.7,8.7,60,Female,anemia_dataset,
IMG0327,IMG0327.png,1,Anemia,8.7,8.7,24,Female,anemia_dataset,
IMG0328,IMG0328.png,1,Anemia,10.2,10.2,48,Male,anemia_dataset,
IMG0329,IMG0329.png,1,Anemia,10.2,10.2,60,Female,anemia_dataset,
IMG0330,IMG0330.png,0,No anemia,10.5,10.5,60,Male,anemia_dataset,
IMG0331,IMG0331.png,0,No anemia,10.5,10.5,60,Female,anemia_dataset,
IMG0334,IMG0334.png,0,No anemia,10.8,10.8,24,Male,anemia_dataset,
IMG0335,IMG0335.png,1,Anemia,3.3,3.3,12,Male,anemia_dataset,
IMG0336,IMG0336.png,0,No anemia,10.5,10.5,60,Male,anemia_dataset,
IMG0337,IMG0337.png,0,No anemia,12.4,12.4,60,Female,anemia_dataset,
IMG0338,IMG0338.png,0,No anemia,10.5,10.5,12,Male,anemia_dataset,
IMG0340,IMG0340.png,0,No anemia,12.5,12.5,48,Female,anemia_dataset,
IMG0341,IMG0341.png,0,No anemia,12.2,12.2,60,Male,anemia_dataset,
IMG0342,IMG0342.png,0,No anemia,12.5,12.5,24,Male,anemia_dataset,
IMG0343,IMG0343.png,0,No anemia,13.6,13.6,12,Female,anemia_dataset,
IMG0344,IMG0344.png,0,No anemia,12.3,12.3,12,Female,anemia_dataset,
IMG0346,IMG0346.png,0,No anemia,12.3,12.3,24,Male,anemia_dataset,
IMG0348,IMG0348.png,0,No anemia,12.3,12.3,24,Female,anemia_dataset,
IMG0350,IMG0350.png,1,Anemia,9.2,9.2,36,Female,anemia_dataset,
IMG0351,IMG0351.png,0,No anemia,13.3,13.3,48,Male,anemia_dataset,
IMG0352,IMG0352.png,0,No anemia,12.3,12.3,24,Male,anemia_dataset,
IMG0354,IMG0354.png,0,No anemia,12.3,12.3,24,Female,anemia_dataset,
IMG0355,IMG0355.png,0,No anemia,13.4,13.4,12,Female,anemia_dataset,
IMG0356,IMG0356.png,0,No anemia,12.3,12.3,12,Female,anemia_dataset,
IMG0357,IMG0357.png,0,No anemia,13.4,13.4,36,Male,anemia_dataset,
IMG0358,IMG0358.png,0,No anemia,10.5,10.5,36,Male,anemia_dataset,
IMG0359,IMG0359.png,0,No anemia,12.3,12.3,12,Male,anemia_dataset,
IMG0360,IMG0360.png,0,No anemia,12.3,12.3,24,Female,anemia_dataset,
IMG0361,IMG0361.png,0,No anemia,13.4,13.4,60,Male,anemia_dataset,
IMG0362,IMG0362.png,0,No anemia,12.3,12.3,60,Female,anemia_dataset,
IMG0365,IMG0365.png,0,No anemia,13.6,13.6,36,Female,anemia_dataset,
IMG0366,IMG0366.png,0,No anemia,12.5,12.5,48,Female,anemia_dataset,
IMG0367,IMG0367.png,0,No anemia,13.5,13.5,60,Female,anemia_dataset,
IMG0369,IMG0369.png,1,Anemia,10.5,10.5,48,Female,anemia_dataset,
IMG0370,IMG0370.png,0,No anemia,13.5,13.5,48,Male,anemia_dataset,
IMG0373,IMG0373.png,0,No anemia,13.5,13.5,36,Female,anemia_dataset,
IMG0375,IMG0375.png,0,No anemia,13.5,13.5,24,Female,anemia_dataset,
IMG0376,IMG0376.png,0,No anemia,13.5,13.5,60,Male,anemia_dataset,
IMG0377,IMG0377.png,0,No anemia,10.5,10.5,12,Female,anemia_dataset,
IMG0378,IMG0378.png,0,No anemia,13.5,13.5,36,Male,anemia_dataset,
IMG0379,IMG0379.png,0,No anemia,13.6,13.6,60,Female,anemia_dataset,
IMG0381,IMG0381.png,0,No anemia,13.6,13.6,24,Female,anemia_dataset,
IMG0382,IMG0382.png,0,No anemia,13.6,13.6,48,Female,anemia_dataset,
IMG0384,IMG0384.png,1,Anemia,9.0,9.0,60,Male,anemia_dataset,
IMG0385,IMG0385.png,1,Anemia,9.6,9.6,12,Male,anemia_dataset,
IMG0386,IMG0386.png,1,Anemia,9.6,9.6,12,Male,anemia_dataset,
IMG0387,IMG0387.png,1,Anemia,9.6,9.6,12,Male,anemia_dataset,
IMG0392,IMG0392.png,1,Anemia,10.1,10.1,24,Male,anemia_dataset,
IMG0393,IMG0393.png,1,Anemia,10.1,10.1,12,Female,anemia_dataset,
IMG0394,IMG0394.png,0,No anemia,12.8,12.8,24,Female,anemia_dataset,
IMG0396,IMG0396.png,1,Anemia,10.1,10.1,24,Male,anemia_dataset,
IMG0397,IMG0397.png,1,Anemia,10.1,10.1,48,Female,anemia_dataset,
IMG0398,IMG0398.png,1,Anemia,10.2,10.2,36,Male,anemia_dataset,
IMG0399,IMG0399.png,1,Anemia,8.9,8.9,36,Female,anemia_dataset,
IMG0400,IMG0400.png,1,Anemia,8.9,8.9,60,Male,anemia_dataset,
IMG0401,IMG0401.png,1,Anemia,8.9,8.9,12,Male,anemia_dataset,
IMG0402,IMG0402.png,1,Anemia,8.9,8.9,12,Male,anemia_dataset,
IMG0403,IMG0403.png,1,Anemia,10.2,10.2,24,Female,anemia_dataset,
IMG0404,IMG0404.png,0,No anemia,12.8,12.8,60,Female,anemia_dataset,
IMG0405,IMG0405.png,1,Anemia,10.3,10.3,24,Female,anemia_dataset,
IMG0407,IMG0407.png,1,Anemia,10.3,10.3,24,Male,anemia_dataset,
IMG0408,IMG0408.png,1,Anemia,10.3,10.3,24,Male,anemia_dataset,
IMG0410,IMG0410.png,0,No anemia,11.7,11.7,36,Female,anemia_dataset,
IMG0412,IMG0412.png,1,Anemia,8.0,8.0,12,Male,anemia_dataset,
IMG0413,IMG0413.png,0,No anemia,11.7,11.7,48,Male,anemia_dataset,
IMG0414,IMG0414.png,0,No anemia,11.7,11.7,12,Female,anemia_dataset,
IMG0415,IMG0415.png,0,No anemia,11.7,11.7,24,Female,anemia_dataset,
IMG0416,IMG0416.png,0,No anemia,11.7,11.7,12,Female,anemia_dataset,
IMG0418,IMG0418.png,0,No anemia,11.7,11.7,12,Male,anemia_dataset,
IMG0419,IMG0419.png,0,No anemia,11.72,11.72,48,Female,anemia_dataset,
IMG0420,IMG0420.png,0,No anemia,11.8,11.8,12,Male,anemia_dataset,
IMG0421,IMG0421.png,0,No anemia,11.8,11.8,36,Female,anemia_dataset,
IMG0422,IMG0422.png,0,No anemia,11.8,11.8,24,Male,anemia_dataset,
IMG0423,IMG0423.png,0,No anemia,11.8,11.8,36,Male,anemia_dataset,
IMG0424,IMG0424.png,0,No anemia,11.8,11.8,24,Male,anemia_dataset,
IMG0425,IMG0425.png,1,Anemia,8.0,8.0,24,Female,anemia_dataset,
IMG0426,IMG0426.png,0,No anemia,11.8,11.8,48,Male,anemia_dataset,
IMG0427,IMG0427.png,1,Anemia,9.3,9.3,48,Female,anemia_dataset,
IMG0428,IMG0428.png,0,No anemia,10.6,10.6,36,Male,anemia_dataset,
IMG0429,IMG0429.png,0,No anemia,10.6,10.6,36,Female,anemia_dataset,
IMG0431,IMG0431.png,0,No anemia,13.6,13.6,24,Male,anemia_dataset,
IMG0432,IMG0432.png,0,No anemia,13.6,13.6,12,Female,anemia_dataset,
IMG0435,IMG0435.png,0,No anemia,13.7,13.7,60,Male,anemia_dataset,
IMG0436,IMG0436.png,0,No anemia,13.8,13.8,24,Male,anemia_dataset,
IMG0437,IMG0437.png,0,No anemia,13.8,13.8,36,Male,anemia_dataset,
IMG0438,IMG0438.png,0,No anemia,10.6,10.6,36,Male,anemia_dataset,
IMG0440,IMG0440.png,0,No anemia,13.8,13.8,36,Male,anemia_dataset,
IMG0441,IMG0441.png,0,No anemia,13.8,13.8,48,Male,anemia_dataset,
IMG0443,IMG0443.png,0,No anemia,10.6,10.6,36,Male,anemia_dataset,
IMG0444,IMG0444.png,0,No anemia,10.64,10.64,48,Female,anemia_dataset,
IMG0445,IMG0445.png,0,No anemia,10.8,10.8,60,Female,anemia_dataset,
IMG0447,IMG0447.png,0,No anemia,14.1,14.1,24,Female,anemia_dataset,
IMG0448,IMG0448.png,1,Anemia,10.4,10.4,36,Male,anemia_dataset,
IMG0450,IMG0450.png,0,No anemia,14.2,14.2,12,Male,anemia_dataset,
IMG0451,IMG0451.png,0,No anemia,11.1,11.1,12,Male,anemia_dataset,
IMG0452,IMG0452.png,0,No anemia,12.1,12.1,12,Male,anemia_dataset,
IMG0453,IMG0453.png,0,No anemia,11.2,11.2,48,Male,anemia_dataset,
IMG0454,IMG0454.png,0,No anemia,12.1,12.1,36,Male,anemia_dataset,
IMG0455,IMG0455.png,0,No anemia,11.2,11.2,24,Female,anemia_dataset,
IMG0456,IMG0456.png,0,No anemia,12.1,12.1,12,Male,anemia_dataset,
IMG0457,IMG0457.png,0,No anemia,12.1,12.1,24,Male,anemia_dataset,
IMG0458,IMG0458.png,0,No anemia,12.15,12.15,48,Male,anemia_dataset,
IMG0459,IMG0459.png,0,No anemia,12.2,12.2,48,Female,anemia_dataset,
IMG0461,IMG0461.png,1,Anemia,9.2,9.2,12,Male,anemia_dataset,
IMG0462,IMG0462.png,0,No anemia,12.5,12.5,48,Female,anemia_dataset,
IMG0464,IMG0464.png,0,No anemia,12.5,12.5,48,Male,anemia_dataset,
IMG0466,IMG0466.png,0,No anemia,12.6,12.6,36,Female,anemia_dataset,
IMG0467,IMG0467.png,0,No anemia,12.6,12.6,60,Male,anemia_dataset,
IMG0468,IMG0468.png,0,No anemia,12.7,12.7,24,Female,anemia_dataset,
IMG0469,IMG0469.png,0,No anemia,12.6,12.6,24,Male,anemia_dataset,
IMG0472,IMG0472.png,0,No anemia,12.7,12.7,24,Female,anemia_dataset,
IMG0473,IMG0473.png,1,Anemia,10.1,10.1,24,Male,anemia_dataset,
IMG0475,IMG0475.png,0,No anemia,12.8,12.8,60,Male,anemia_dataset,
IMG0476,IMG0476.png,1,Anemia,4.6,4.6,12,Female,anemia_dataset,
IMG0477,IMG0477.png,1,Anemia,6.1,6.1,24,Female,anemia_dataset,
IMG0478,IMG0478.png,1,Anemia,6.1,6.1,12,Male,anemia_dataset,
IMG0479,IMG0479.png,0,No anemia,11.1,11.1,24,Male,anemia_dataset,
IMG0481,IMG0481.png,0,No anemia,11.2,11.2,48,Male,anemia_dataset,
IMG0482,IMG0482.png,1,Anemia,6.3,6.3,60,Female,anemia_dataset,
IMG0483,IMG0483.png,0,No anemia,11.2,11.2,6,Male,anemia_dataset,
IMG0484,IMG0484.png,1,Anemia,6.3,6.3,12,Male,anemia_dataset,
IMG0486,IMG0486.png,0,No anemia,11.2,11.2,24,Male,anemia_dataset,
IMG0488,IMG0488.png,1,Anemia,6.4,6.4,12,Male,anemia_dataset,
IMG0489,IMG0489.png,1,Anemia,8.9,8.9,12,Male,anemia_dataset,
IMG0490,IMG0490.png,1,Anemia,8.9,8.9,8,Male,anemia_dataset,
IMG0491,IMG0491.png,0,No anemia,12.0,12.0,36,Female,anemia_dataset,
IMG0492,IMG0492.png,1,Anemia,8.9,8.9,36,Female,anemia_dataset,
IMG0493,IMG0493.png,0,No anemia,12.1,12.1,24,Female,anemia_dataset,
IMG0494,IMG0494.png,1,Anemia,9.0,9.0,60,Male,anemia_dataset,
IMG0495,IMG0495.png,1,Anemia,9.1,9.1,12,Female,anemia_dataset,
IMG0496,IMG0496.png,1,Anemia,9.1,9.1,48,Female,anemia_dataset,
IMG0497,IMG0497.png,1,Anemia,9.1,9.1,24,Male,anemia_dataset,
IMG0499,IMG0499.png,1,Anemia,9.1,9.1,12,Female,anemia_dataset,
IMG0500,IMG0500.png,1,Anemia,9.1,9.1,12,Male,anemia_dataset,
IMG0502,IMG0502.png,1,Anemia,10.1,10.1,24,Male,anemia_dataset,
IMG0503,IMG0503.png,1,Anemia,10.2,10.2,12,Male,anemia_dataset,
IMG0504,IMG0504.png,1,Anemia,10.2,10.2,12,Female,anemia_dataset,
IMG0505,IMG0505.png,1,Anemia,10.3,10.3,36,Male,anemia_dataset,
IMG0507,IMG0507.png,0,No anemia,13.0,13.0,60,Male,anemia_dataset,
IMG0508,IMG0508.png,0,No anemia,13.0,13.0,24,Female,anemia_dataset,
IMG0509,IMG0509.png,1,Anemia,10.3,10.3,36,Female,anemia_dataset,
IMG0510,IMG0510.png,1,Anemia,9.5,9.5,60,Female,anemia_dataset,
IMG0511,IMG0511.png,1,Anemia,9.6,9.6,12,Female,anemia_dataset,
IMG0514,IMG0514.png,1,Anemia,9.6,9.6,36,Male,anemia_dataset,
IMG0515,IMG0515.png,1,Anemia,9.6,9.6,48,Male,anemia_dataset,
IMG0516,IMG0516.png,1,Anemia,9.6,9.6,12,Female,anemia_dataset,
IMG0517,IMG0517.png,0,No anemia,12.3,12.3,12,Female,anemia_dataset,
IMG0519,IMG0519.png,1,Anemia,9.5,9.5,36,Female,anemia_dataset,
IMG0521,IMG0521.png,1,Anemia,9.5,9.5,60,Female,anemia_dataset,
IMG0523,IMG0523.png,1,Anemia,9.5,9.5,24,Female,anemia_dataset,
IMG0524,IMG0524.png,1,Anemia,9.7,9.7,24,Male,anemia_dataset,
IMG0525,IMG0525.png,1,Anemia,9.5,9.5,12,Female,anemia_dataset,
IMG0526,IMG0526.png,1,Anemia,9.7,9.7,24,Female,anemia_dataset,
IMG0528,IMG0528.png,1,Anemia,9.7,9.7,36,Female,anemia_dataset,
IMG0529,IMG0529.png,0,No anemia,12.4,12.4,24,Female,anemia_dataset,
IMG0531,IMG0531.png,0,No anemia,12.3,12.3,48,Female,anemia_dataset,
IMG0532,IMG0532.png,1,Anemia,9.5,9.5,60,Female,anemia_dataset,
IMG0533,IMG0533.png,1,Anemia,9.6,9.6,12,Female,anemia_dataset,
IMG0534,IMG0534.png,1,Anemia,9.5,9.5,48,Male,anemia_dataset,
IMG0535,IMG0535.png,1,Anemia,9.7,9.7,60,Female,anemia_dataset,
IMG0536,IMG0536.png,1,Anemia,9.5,9.5,12,Male,anemia_dataset,
IMG0537,IMG0537.png,1,Anemia,9.7,9.7,12,Male,anemia_dataset,
IMG0538,IMG0538.png,0,No anemia,12.3,12.3,12,Female,anemia_dataset,
IMG0539,IMG0539.png,1,Anemia,9.6,9.6,24,Male,anemia_dataset,
IMG0540,IMG0540.png,1,Anemia,10.0,10.0,36,Female,anemia_dataset,
IMG0543,IMG0543.png,0,No anemia,12.6,12.6,48,Male,anemia_dataset,
IMG0545,IMG0545.png,1,Anemia,10.0,10.0,12,Female,anemia_dataset,
IMG0548,IMG0548.png,1,Anemia,10.0,10.0,60,Female,anemia_dataset,
IMG0549,IMG0549.png,0,No anemia,12.6,12.6,12,Female,anemia_dataset,
IMG0551,IMG0551.png,0,No anemia,12.6,12.6,24,Male,anemia_dataset,
IMG0554,IMG0554.png,1,Anemia,10.0,10.0,12,Male,anemia_dataset,
IMG0556,IMG0556.png,1,Anemia,10.0,10.0,36,Female,anemia_dataset,
IMG0557,IMG0557.png,1,Anemia,10.0,10.0,12,Female,anemia_dataset,
IMG0558,IMG0558.png,0,No anemia,12.6,12.6,36,Female,anemia_dataset,
IMG0560,IMG0560.png,1,Anemia,10.01,10.01,36,Female,anemia_dataset,
IMG0561,IMG0561.png,0,No anemia,12.6,12.6,36,Female,anemia_dataset,
IMG0562,IMG0562.png,1,Anemia,10.05,10.05,48,Male,anemia_dataset,
IMG0564,IMG0564.png,1,Anemia,10.1,10.1,24,Male,anemia_dataset,
IMG0565,IMG0565.png,1,Anemia,10.1,10.1,12,Female,anemia_dataset,
IMG0568,IMG0568.png,1,Anemia,10.2,10.2,48,Female,anemia_dataset,
IMG0569,IMG0569.png,1,Anemia,10.3,10.3,48,Female,anemia_dataset,
IMG0570,IMG0570.png,0,No anemia,12.1,12.1,24,Male,anemia_dataset,
IMG0572,IMG0572.png,1,Anemia,9.0,9.0,36,Male,anemia_dataset,
IMG0573,IMG0573.png,1,Anemia,9.0,9.0,48,Female,anemia_dataset,
IMG0576,IMG0576.png,0,No anemia,11.6,11.6,60,Male,anemia_dataset,
IMG0577,IMG0577.png,1,Anemia,8.0,8.0,36,Male,anemia_dataset,
IMG0578,IMG0578.png,0,No anemia,11.9,11.9,48,Female,anemia_dataset,
IMG0579,IMG0579.png,1,Anemia,8.1,8.1,36,Male,anemia_dataset,
IMG0580,IMG0580.png,1,Anemia,8.9,8.9,36,Male,anemia_dataset,
IMG0582,IMG0582.png,1,Anemia,9.2,9.2,36,Female,anemia_dataset,
IMG0583,IMG0583.png,1,Anemia,10.2,10.2,48,Female,anemia_dataset,
IMG0585,IMG0585.png,0,No anemia,13.9,13.9,60,Male,anemia_dataset,
IMG0586,IMG0586.png,1,Anemia,9.6,9.6,36,Female,anemia_dataset,
IMG0587,IMG0587.png,0,No anemia,11.5,11.5,24,Female,anemia_dataset,
IMG0588,IMG0588.png,0,No anemia,11.5,11.5,24,Male,anemia_dataset,
IMG0589,IMG0589.png,1,Anemia,7.3,7.3,36,Female,anemia_dataset,
IMG0590,IMG0590.png,0,No anemia,11.5,11.5,60,Female,anemia_dataset,
IMG0591,IMG0591.png,0,No anemia,11.5,11.5,60,Male,anemia_dataset,
IMG0593,IMG0593.png,1,Anemia,7.3,7.3,48,Male,anemia_dataset,
IMG0594,IMG0594.png,1,Anemia,7.4,7.4,24,Male,anemia_dataset,
IMG0595,IMG0595.png,0,No anemia,11.6,11.6,24,Male,anemia_dataset,
IMG0596,IMG0596.png,1,Anemia,7.5,7.5,60,Male,anemia_dataset,
IMG0597,IMG0597.png,1,Anemia,7.5,7.5,48,Male,anemia_dataset,
IMG0600,IMG0600.png,0,No anemia,11.6,11.6,48,Female,anemia_dataset,
IMG0602,IMG0602.png,1,Anemia,7.6,7.6,36,Male,anemia_dataset,
IMG0603,IMG0603.png,1,Anemia,7.7,7.7,12,Female,anemia_dataset,
IMG0606,IMG0606.png,1,Anemia,7.7,7.7,48,Male,anemia_dataset,
IMG0608,IMG0608.png,1,Anemia,7.8,7.8,12,Male,anemia_dataset,
IMG0609,IMG0609.png,1,Anemia,7.8,7.8,12,Female,anemia_dataset,
IMG0610,IMG0610.png,1,Anemia,7.8,7.8,12,Female,anemia_dataset,
IMG0612,IMG0612.png,1,Anemia,7.8,7.8,12,Female,anemia_dataset,
IMG0613,IMG0613.png,1,Anemia,7.8,7.8,36,Male,anemia_dataset,
IMG0614,IMG0614.png,1,Anemia,7.89,7.89,24,Male,anemia_dataset,
IMG0615,IMG0615.png,1,Anemia,7.9,7.9,36,Female,anemia_dataset,
IMG0618,IMG0618.png,1,Anemia,7.9,7.9,60,Male,anemia_dataset,
IMG0620,IMG0620.png,1,Anemia,6.9,6.9,24,Male,anemia_dataset,
IMG0621,IMG0621.png,1,Anemia,7.1,7.1,12,Male,anemia_dataset,
IMG0622,IMG0622.png,1,Anemia,8.6,8.6,36,Male,anemia_dataset,
IMG0623,IMG0623.png,1,Anemia,8.6,8.6,36,Female,anemia_dataset,
IMG0625,IMG0625.png,1,Anemia,8.8,8.8,12,Female,anemia_dataset,
IMG0626,IMG0626.png,1,Anemia,8.7,8.7,12,Male,anemia_dataset,
IMG0627,IMG0627.png,1,Anemia,8.7,8.7,36,Male,anemia_dataset,
IMG0628,IMG0628.png,1,Anemia,8.7,8.7,24,Male,anemia_dataset,
IMG0631,IMG0631.png,1,Anemia,9.0,9.0,36,Female,anemia_dataset,
IMG0632,IMG0632.png,0,No anemia,12.1,12.1,60,Male,anemia_dataset,
IMG0635,IMG0635.png,1,Anemia,9.2,9.2,12,Male,anemia_dataset,
IMG0636,IMG0636.png,1,Anemia,9.2,9.2,24,Female,anemia_dataset,
IMG0637,IMG0637.png,1,Anemia,9.2,9.2,24,Female,anemia_dataset,
IMG0638,IMG0638.png,1,Anemia,9.2,9.2,9,Male,anemia_dataset,
IMG0639,IMG0639.png,1,Anemia,9.2,9.2,24,Male,anemia_dataset,
IMG0640,IMG0640.png,1,Anemia,8.0,8.0,12,Male,anemia_dataset,
IMG0641,IMG0641.png,1,Anemia,8.0,8.0,24,Male,anemia_dataset,
IMG0643,IMG0643.png,1,Anemia,8.4,8.4,48,Male,anemia_dataset,
IMG0647,IMG0647.png,1,Anemia,9.0,9.0,24,Female,anemia_dataset,
IMG0648,IMG0648.png,1,Anemia,7.0,7.0,48,Male,anemia_dataset,
IMG0649,IMG0649.png,1,Anemia,7.0,7.0,24,Male,anemia_dataset,
IMG0650,IMG0650.png,1,Anemia,7.98,7.98,48,Female,anemia_dataset,
IMG0652,IMG0652.png,1,Anemia,8.7,8.7,60,Male,anemia_dataset,
IMG0653,IMG0653.png,0,No anemia,12.0,12.0,12,Female,anemia_dataset,
IMG0654,IMG0654.png,0,No anemia,12.0,12.0,24,Male,anemia_dataset,
IMG0657,IMG0657.png,1,Anemia,9.2,9.2,36,Male,anemia_dataset,
IMG0660,IMG0660.png,1,Anemia,10.2,10.2,36,Male,anemia_dataset,
IMG0661,IMG0661.png,0,No anemia,12.9,12.9,60,Male,anemia_dataset,
IMG0662,IMG0662.png,1,Anemia,10.3,10.3,12,Male,anemia_dataset,
IMG0663,IMG0663.png,0,No anemia,13.1,13.1,36,Male,anemia_dataset,
IMG0667,IMG0667.png,1,Anemia,10.6,10.6,36,Male,anemia_dataset,
IMG0669,IMG0669.png,1,Anemia,10.7,10.7,60,Male,anemia_dataset,
IMG0670,IMG0670.png,1,Anemia,10.7,10.7,12,Female,anemia_dataset,
IMG0671,IMG0671.png,0,No anemia,12.1,12.1,48,Female,anemia_dataset,
IMG0672,IMG0672.png,0,No anemia,12.1,12.1,24,Female,anemia_dataset,
IMG0673,IMG0673.png,0,No anemia,12.1,12.1,48,Female,anemia_dataset,
IMG0674,IMG0674.png,0,No anemia,12.1,12.1,24,Female,anemia_dataset,
IMG0675,IMG0675.png,1,Anemia,9.7,9.7,12,Male,anemia_dataset,
IMG0676,IMG0676.png,1,Anemia,9.7,9.7,12,Male,anemia_dataset,
IMG0677,IMG0677.png,0,No anemia,11.9,11.9,36,Female,anemia_dataset,
IMG0680,IMG0680.png,1,Anemia,8.7,8.7,12,Female,anemia_dataset,
IMG0683,IMG0683.png,1,Anemia,8.7,8.7,12,Female,anemia_dataset,
IMG0684,IMG0684.png,0,No anemia,13.9,13.9,60,Male,anemia_dataset,
IMG0685,IMG0685.png,0,No anemia,13.9,13.9,11,Male,anemia_dataset,
IMG0686,IMG0686.png,0,No anemia,13.9,13.9,48,Male,anemia_dataset,
IMG0687,IMG0687.png,0,No anemia,13.9,13.9,8,Female,anemia_dataset,
IMG0690,IMG0690.png,0,No anemia,14.6,14.6,12,Male,anemia_dataset,
IMG0691,IMG0691.png,0,No anemia,14.6,14.6,10,Male,anemia_dataset,
IMG0692,IMG0692.png,0,No anemia,14.6,14.6,36,Male,anemia_dataset,
IMG0694,IMG0694.png,0,No anemia,14.7,14.7,9,Female,anemia_dataset,
IMG0695,IMG0695.png,0,No anemia,14.8,14.8,9,Male,anemia_dataset,
IMG0696,IMG0696.png,0,No anemia,14.8,14.8,12,Female,anemia_dataset,
IMG0698,IMG0698.png,0,No anemia,14.9,14.9,12,Male,anemia_dataset,
IMG0699,IMG0699.png,0,No anemia,14.9,14.9,48,Male,anemia_dataset,
IMG0700,IMG0700.png,0,No anemia,15.0,15.0,12,Male,anemia_dataset,
IMG0701,IMG0701.png,0,No anemia,15.0,15.0,48,Male,anemia_dataset,
IMG0703,IMG0703.png,0,No anemia,14.7,14.7,10,Male,anemia_dataset,
IMG0704,IMG0704.png,0,No anemia,14.3,14.3,12,Male,anemia_dataset,
IMG0706,IMG0706.png,0,No anemia,12.8,12.8,48,Male,anemia_dataset,
IMG0708,IMG0708.png,0,No anemia,11.6,11.6,60,Male,anemia_dataset,
IMG0709,IMG0709.png,0,No anemia,12.1,12.1,48,Male,anemia_dataset,
T_A68,T_A68_img_001.jpg,1,Anemia,,,,,data_tes,
T_AA014,T_AA014_img_001.jpg,1,Anemia,,,,,data_tes,
T_AA014,T_AA014_img_002.jpg,1,Anemia,,,,,data_tes,
T_AA014,T_AA014_img_003.jpg,1,Anemia,,,,,data_tes,
T_AA014,T_AA014_img_004.jpg,1,Anemia,,,,,data_tes,
T_AA014,T_AA014_img_005.jpg,1,Anemia,,,,,data_tes,
T_AA014,T_AA014_img_006.jpg,1,Anemia,,,,,data_tes,
T_AA014,T_AA014_img_007.jpg,1,Anemia,,,,,data_tes,
T_AA014,T_AA014_img_008.jpg,1,Anemia,,,,,data_tes,
T_A33,T_A33_img_001.jpg,1,Anemia,,,,,data_tes,
T_A16,T_A16_img_001.jpg,1,Anemia,,,,,data_tes,
T_A88,T_A88_img_001.png,1,Anemia,,,,,data_tes,
T_A34,T_A34_img_001.jpg,1,Anemia,,,,,data_tes,
T_A49,T_A49_img_001.jpg,1,Anemia,,,,,data_tes,
T_AA006,T_AA006_img_001.jpg,1,Anemia,,,,,data_tes,
T_AA006,T_AA006_img_002.jpg,1,Anemia,,,,,data_tes,
T_AA006,T_AA006_img_003.jpg,1,Anemia,,,,,data_tes,
T_AA006,T_AA006_img_004.jpg,1,Anemia,,,,,data_tes,
T_AA006,T_AA006_img_005.jpg,1,Anemia,,,,,data_tes,
T_AA006,T_AA006_img_006.jpg,1,Anemia,,,,,data_tes,
T_AA006,T_AA006_img_007.jpg,1,Anemia,,,,,data_tes,
T_AA006,T_AA006_img_008.jpg,1,Anemia,,,,,data_tes,
T_AA006,T_AA006_img_009.jpg,1,Anemia,,,,,data_tes,
T_AA006,T_AA006_img_010.jpg,1,Anemia,,,,,data_tes,
T_AA006,T_AA006_img_011.jpg,1,Anemia,,,,,data_tes,
T_A65,T_A65_img_001.jpg,1,Anemia,,,,,data_tes,
T_AA013,T_AA013_img_001.jpg,1,Anemia,,,,,data_tes,
T_AA013,T_AA013_img_002.jpg,1,Anemia,,,,,data_tes,
T_AA013,T_AA013_img_003.jpg,1,Anemia,,,,,data_tes,
T_AA013,T_AA013_img_004.jpg,1,Anemia,,,,,data_tes,
T_AA013,T_AA013_img_005.jpg,1,Anemia,,,,,data_tes,
T_AA013,T_AA013_img_006.jpg,1,Anemia,,,,,data_tes,
T_AA013,T_AA013_img_007.jpg,1,Anemia,,,,,data_tes,
T_AA013,T_AA013_img_008.jpg,1,Anemia,,,,,data_tes,
T_AA013,T_AA013_img_009.jpg,1,Anemia,,,,,data_tes,
T_AA013,T_AA013_img_010.jpg,1,Anemia,,,,,data_tes,
T_AA013,T_AA013_img_011.jpg,1,Anemia,,,,,data_tes,
T_AA013,T_AA013_img_012.jpg,1,Anemia,,,,,data_tes,
T_AA013,T_AA013_img_013.jpg,1,Anemia,,,,,data_tes,
T_AA013,T_AA013_img_014.jpg,1,Anemia,,,,,data_tes,
T_AA015,T_AA015_img_001.jpg,1,Anemia,,,,,data_tes,
T_AA015,T_AA015_img_002.jpg,1,Anemia,,,,,data_tes,
T_AA015,T_AA015_img_003.jpg,1,Anemia,,,,,data_tes,
T_AA015,T_AA015_img_004.jpg,1,Anemia,,,,,data_tes,
T_AA002,T_AA002_img_001.jpg,1,Anemia,,,,,data_tes,
T_A93,T_A93_img_001.jpg,1,Anemia,,,,,data_tes,
T_AA017,T_AA017_img_001.png,1,Anemia,,,,,data_tes,
T_AA004,T_AA004_img_001.jpg,1,Anemia,,,,,data_tes,
T_AA004,T_AA004_img_002.jpg,1,Anemia,,,,,data_tes,
T_AA004,T_AA004_img_003.jpg,1,Anemia,,,,,data_tes,
T_A114,T_A114_img_001.jpg,1,Anemia,,,,,data_tes,
T_AA019,T_AA019_img_001.jpg,1,Anemia,,,,,data_tes,
T_AA019,T_AA019_img_002.jpg,1,Anemia,,,,,data_tes,
T_AA019,T_AA019_img_003.jpg,1,Anemia,,,,,data_tes,
T_A41,T_A41_img_001.jpg,1,Anemia,,,,,data_tes,
T_AA012,T_AA012_img_001.jpg,1,Anemia,,,,,data_tes,
T_AA012,T_AA012_img_002.jpg,1,Anemia,,,,,data_tes,
T_AA012,T_AA012_img_003.jpg,1,Anemia,,,,,data_tes,
T_AA012,T_AA012_img_004.jpg,1,Anemia,,,,,data_tes,
T_AA012,T_AA012_img_005.jpg,1,Anemia,,,,,data_tes,
T_AA012,T_AA012_img_006.jpg,1,Anemia,,,,,data_tes,
T_AA012,T_AA012_img_007.jpg,1,Anemia,,,,,data_tes,
T_A79,T_A79_img_001.jpg,1,Anemia,,,,,data_tes,
T_A122,T_A122_img_001.jpg,1,Anemia,,,,,data_tes,
T_AA010,T_AA010_img_001.jpg,1,Anemia,,,,,data_tes,
T_AA010,T_AA010_img_002.jpg,1,Anemia,,,,,data_tes,
T_AA010,T_AA010_img_003.jpg,1,Anemia,,,,,data_tes,
T_AA010,T_AA010_img_004.jpg,1,Anemia,,,,,data_tes,
T_AA010,T_AA010_img_005.jpg,1,Anemia,,,,,data_tes,
T_AA010,T_AA010_img_006.jpg,1,Anemia,,,,,data_tes,
T_AA010,T_AA010_img_007.jpg,1,Anemia,,,,,data_tes,
T_A35,T_A35_img_001.jpg,1,Anemia,,,,,data_tes,
T_AA018,T_AA018_img_001.jpg,1,Anemia,,,,,data_tes,
T_NN004,T_NN004_img_001.jpg,0,No anemia,,,,,data_tes,
T_NN004,T_NN004_img_002.jpg,0,No anemia,,,,,data_tes,
T_NN004,T_NN004_img_003.jpg,0,No anemia,,,,,data_tes,
T_NN004,T_NN004_img_004.jpg,0,No anemia,,,,,data_tes,
T_NN004,T_NN004_img_005.jpg,0,No anemia,,,,,data_tes,
T_NN004,T_NN004_img_006.jpg,0,No anemia,,,,,data_tes,
T_NN010,T_NN010_img_001.jpg,0,No anemia,,,,,data_tes,
T_NN007,T_NN007_img_001.jpg,0,No anemia,,,,,data_tes,
T_NN007,T_NN007_img_002.jpg,0,No anemia,,,,,data_tes,
T_NN007,T_NN007_img_003.jpg,0,No anemia,,,,,data_tes,
T_NN007,T_NN007_img_004.jpg,0,No anemia,,,,,data_tes,
T_NN007,T_NN007_img_005.jpg,0,No anemia,,,,,data_tes,
T_NN007,T_NN007_img_006.jpg,0,No anemia,,,,,data_tes,
T_NN007,T_NN007_img_007.jpg,0,No anemia,,,,,data_tes,
T_NN007,T_NN007_img_008.jpg,0,No anemia,,,,,data_tes,
T_NN007,T_NN007_img_009.jpg,0,No anemia,,,,,data_tes,
T_NN009,T_NN009_img_001.jpg,0,No anemia,,,,,data_tes,
T_NN003,T_NN003_img_001.jpg,0,No anemia,,,,,data_tes,
T_NN003,T_NN003_img_002.jpg,0,No anemia,,,,,data_tes,
T_NN003,T_NN003_img_003.jpg,0,No anemia,,,,,data_tes,
T_NN003,T_NN003_img_004.jpg,0,No anemia,,,,,data_tes,
T_NN003,T_NN003_img_005.jpg,0,No anemia,,,,,data_tes,
T_NN003,T_NN003_img_006.jpg,0,No anemia,,,,,data_tes,
T_NN003,T_NN003_img_007.jpg,0,No anemia,,,,,data_tes,
T_NN003,T_NN003_img_008.jpg,0,No anemia,,,,,data_tes,
T_NN003,T_NN003_img_009.jpg,0,No anemia,,,,,data_tes,
T_NN006,T_NN006_img_001.jpg,0,No anemia,,,,,data_tes,
T_NN006,T_NN006_img_002.jpg,0,No anemia,,,,,data_tes,
T_NN006,T_NN006_img_003.jpg,0,No anemia,,,,,data_tes,
T_NN006,T_NN006_img_004.jpg,0,No anemia,,,,,data_tes,
T_NN006,T_NN006_img_005.jpg,0,No anemia,,,,,data_tes,
